peptide,cdr3,bind
GILGFVFTL,ASSVDGSTYNEQF,1
GILGFVFTL,ASSLTGTPQETQY,1
GILGFVFTL,QQRVRAGISSYEQY,1
GILGFVFTL,ASKDLAGPKNIQY,1
GILGFVFTL,LLHLQCGVQRYEKLF,1
GILGFVFTL,ASAGRSTGELF,1
GILGFVFTL,ASSDRAGIEQY,1
GILGFVFTL,ASSISALDEQY,1
GILGFVFTL,ASSIVHLNEQY,1
GILGFVFTL,ASSMFGNQPQH,1
GILGFVFTL,ASSMRASGYQH,1
GILGFVFTL,ASSQEVGPEAF,1
GILGFVFTL,ASSLLGQPSGYT,1
GILGFVFTL,ASSLLFGSPLH,1
GILGFVFTL,ASSETAGGPDTQY,1
GILGFVFTL,ASSQPLQSLYEQY,1
GILGFVFTL,ASSYWGGKSTEAF,1
GILGFVFTL,KTTYGTGDSNQPQHF,1
GILGFVFTL,ASNLWPQH,1
GILGFVFTL,ASSVTGVDEQY,1
NLVPMVATV,ASTLGITAGTSYNEQF,1
NLVPMVATV,ATSDETNFGISGYT,1
NLVPMVATV,ASSSSFPGGGNEQF,1
NLVPMVATV,SLYDLVQALVSPLH,1
NLVPMVATV,ATSPRSEGRHEQY,1
NLVPMVATV,ASSVYGGVAGELF,1
NLVPMVATV,ASSFSGGALAEQF,1
NLVPMVATV,ASSVTGDYEQY,1
NLVPMVATV,ASSMRAFYNEQF,1
NLVPMVATV,ASSFGGGQSEQY,1
NLVPMVATV,AWVPGTGGRGAF,1
NLVPMVATV,ASSMVNEQF,1
NLVPMVATV,ASSSVSGWE,1
NLVPMVATV,ATDGGGNSTNEKLF,1
NLVPMVATV,ASSLAAGALYNEQF,1
NLVPMVATV,ASSPLTGTGVYGYT,1
NLVPMVATV,ASSPVTGGSTYGYT,1
NLVPMVATV,ASSTQTGAGFYGYT,1
NLVPMVATV,QPRTGDYEQY,1
NLVPMVATV,ASSSSKDRGYGQPQH,1
NLVPMVATV,ASSEALLGRANYGYT,1
NLVPMVATV,ASSYATGASYGYT,1
CLGGLLTMV,ASSLGGYEQY,1
CLGGLLTMV,ASSLVLQMNTEAF,1
CLGGLLTMV,ASSSAEQGSYEQY,1
CLGGLLTMV,ASSLGNYEQY,1
CLGGLLTMV,ASSYGGLSYEQY,1
CLGGLLTMV,ASTRVMNTEAF,1
GLCTLVAML,SARTTNSGYT,1
GLCTLVAML,ASSLAAGTLTDTDTQY,1
GLCTLVAML,ASTAIGGELF,1
GLCTLVAML,ASSAGTVQPTDTQY,1
GLCTLVAML,ASSEGLVSPTDTQY,1
GLCTLVAML,ASSPGAVSIGNTIY,1
GLCTLVAML,ASSSGEKSSYNEQF,1
GLCTLVAML,ASSTGQIATNEKLF,1
GLCTLVAML,ASSVGFLTVGDEQF,1
GLCTLVAML,ASSQAGRVSYNEQF,1
GLCTLVAML,ASSQDPREMNQPQH,1
GLCTLVAML,ASSQDSSAGLGEQY,1
GLCTLVAML,ASSQQVGLGENEQF,1
GLCTLVAML,ASSSQLGGGNTEAF,1
GLCTLVAML,ASSHRGVQESEKLF,1
GLCTLVAML,SAPIIGHTTYNEQF,1
GLCTLVAML,SARGGHQLVGNTIY,1
GLCTLVAML,SATTLAGGSINEQF,1
GLCTLVAML,ASGAGRVAPGELF,1
GLCTLVAML,ASNQGRVIPGELF,1
GLCTLVAML,ASSGGQKAPGELF,1
GLCTLVAML,ASSTGQLAPGEQF,1
GLCTLVAML,ASTAGTKLPDTQY,1
GLCTLVAML,SADPEQLRGTEAF,1
GLCTLVAML,SAMLREVYPGELF,1
GLCTLVAML,SARLLEQSGNTIY,1
GLCTLVAML,ASSQSPGGVAF,1
GLCTLVAML,ASSPTSGSIYEQY,1
GLCTLVAML,ASSPTSGSVYEQY,1
GLCTLVAML,ASSPVQGSVYEQY,1
GLCTLVAML,ASSYVTGSSYEQY,1
GLCTLVAML,SARGTVGNTIY,1
GLCTLVAML,SVRDRVGNTIY,1
GLCTLVAML,ASSLAYVATEAF,1
GLCTLVAML,ASSVAGNEQF,1
GLCTLVAML,ASSQDTARAF,1
GLCTLVAML,SVRGQGDEQF,1
GLCTLVAML,SYQESSYGYT,1
GLCTLVAML,SAANRELNTEAF,1
GLCTLVAML,SARLQRVGNTIY,1
GLCTLVAML,SARTAPIGNTIY,1
GLCTLVAML,SAVGGAISYEQY,1
GLCTLVAML,ASKSGQGYEKLF,1
GLCTLVAML,TSVPAVYWAWETEAF,1
GLCTLVAML,ASSLGASGHEQF,1
GLCTLVAML,ASSQDLAGELF,1
GLCTLVAML,ASGDEGFLINQPQH,1
GLCTLVAML,ASRRTGGVGDTQY,1
GLCTLVAML,ASSSPGTDYGYT,1
GLCTLVAML,ASSAGQLAGGPDTQY,1
GLCTLVAML,SVNSGQGTPQY,1
GLCTLVAML,SVPGTVLSEQF,1
GLCTLVAML,SVPRQVQETQY,1
GLCTLVAML,SVTGTLMEEQY,1
GLCTLVAML,SASGTGGSLYTGELF,1
GLCTLVAML,AISDDRQTYEQY,1
GLCTLVAML,ASSLSGSYEQY,1
GLCTLVAML,ISVPVTTGTERTDTQYF,1
GILGFVFTL,ASSPKDRGNQPQH,0
GILGFVFTL,ASSQGVSVFGGITEAF,0
GILGFVFTL,ASSQQGQGNGELF,0
GILGFVFTL,ASSLGGGLAGSGEQY,0
GILGFVFTL,ASSLWMGSPPNTEAF,0
GILGFVFTL,SAREVSGEKLF,0
GILGFVFTL,SARGVIPGNTIY,0
GILGFVFTL,SASEGMGYNEQF,0
GILGFVFTL,ASSLDRDLSSYNEQF,0
GILGFVFTL,ASSPSRYQETQY,0
GILGFVFTL,ATSREEEKSSYEQY,0
GILGFVFTL,ASSHNQGVVVETQY,0
GILGFVFTL,ASSPRQVGEKLF,0
GILGFVFTL,ASSQGGQYNEKLF,0
GILGFVFTL,ASSSKNRDRVPYEQY,0
GILGFVFTL,ASRSAGAEQY,0
GILGFVFTL,AWSWLNTEAF,0
GILGFVFTL,ASSPKMREINSPLH,0
GILGFVFTL,ASREAKNIQY,0
GILGFVFTL,ASSHTITSGGAADTQY,0
GILGFVFTL,AWSVLRSEQY,0
GILGFVFTL,ASSVGGNPETQY,0
GILGFVFTL,ASSLGPRRGNEQF,0
GILGFVFTL,ASNYYRGITDTQY,0
GILGFVFTL,ASSYLRETGDTQY,0
GILGFVFTL,ASSLGWTSGRGEQY,0
GILGFVFTL,ASSLEDRGSGTSYEQY,0
GILGFVFTL,ASSPRLEAYEQY,0
GILGFVFTL,ASSYQTIGGSETQY,0
GILGFVFTL,ASSPQDRGAETQY,0
GILGFVFTL,ASSDGTGGADEKLF,0
GILGFVFTL,ASSYGGASNEQF,0
GILGFVFTL,ASTPGGGALYNEQF,0
GILGFVFTL,ASSYRAFEETGELF,0
GILGFVFTL,ASSLVGPADTEAF,0
GILGFVFTL,VTEDSLNTEAF,0
GILGFVFTL,ASSARTSGSSYNEQF,0
GILGFVFTL,ASSGTSGRVHRLLETQY,0
GILGFVFTL,ASSQVTGRTDTQY,0
GILGFVFTL,ASSLDVLRRKVTGQPQH,0
GILGFVFTL,ASSSATNKDSLYGYT,0
GILGFVFTL,ATSDHGTAKGYT,0
GILGFVFTL,SASGLAAYNEQF,0
GILGFVFTL,SARPTSSNEQF,0
GILGFVFTL,ASSQDFVLYSGNTIY,0
GILGFVFTL,ASAIQAFGHYEQY,0
GILGFVFTL,ASSIDRADAGGYQETQY,0
GILGFVFTL,ASSQPGTEGNPGYTDTQY,0
GILGFVFTL,ASSPGQGPPKLF,0
GILGFVFTL,ASSQVAAAYEQY,0
GILGFVFTL,ASSLILGGEQF,0
GILGFVFTL,SARGGGLIGEAF,0
GILGFVFTL,ASSQELLTGELF,0
GILGFVFTL,ASSLTGLAGELSYNEQF,0
GILGFVFTL,ASGPLAGMDNEQF,0
GILGFVFTL,ASSETQAKRLLYGYT,0
GILGFVFTL,ASSESGVGNEKLF,0
GILGFVFTL,ASSLRSGLTLPQETQY,0
GILGFVFTL,ASSVAGTRQETQY,0
GILGFVFTL,ASSYGTSGTYEQY,0
GILGFVFTL,ASSYGDNEKLF,0
GILGFVFTL,ASSYGDGTYEQY,0
GILGFVFTL,ASMKLGRRWIIMYNEQF,0
GILGFVFTL,ASSGLGERGTGGYEQY,0
GILGFVFTL,ASSLVTLATDTQY,0
GILGFVFTL,ASSFDQWEDIQY,0
GILGFVFTL,ASSTTGLYTGELF,0
GILGFVFTL,ASSPTDRAKETQY,0
GILGFVFTL,ASSFSPSGAHEQY,0
GILGFVFTL,ASSPGRTNTEAF,0
GILGFVFTL,AARGLLGTDPYNEQF,0
GILGFVFTL,ASRKGWGTDTQY,0
GILGFVFTL,ASSKESGQGVEQYV,0
GILGFVFTL,ASSIGGHTYNEQF,0
GILGFVFTL,ASGAGTREQY,0
GILGFVFTL,ASSLQIGYEQY,0
GILGFVFTL,ASSFSDNSPLH,0
GILGFVFTL,SARPRTVEQY,0
GILGFVFTL,ASSEPLADVQF,0
GILGFVFTL,ASSLAGRETEAF,0
GILGFVFTL,ASSDGQAYFYGYT,0
GILGFVFTL,ASSPTTGTNTIY,0
GILGFVFTL,ASRLGTGGEKLF,0
GILGFVFTL,SVLTGTDSYEQY,0
GILGFVFTL,ASSEGAHGGALYEQY,0
GILGFVFTL,ASSVGPGAYEQY,0
GILGFVFTL,ASSLGGQGTYEQY,0
GILGFVFTL,ASRSGTGPGNTIY,0
GILGFVFTL,ASSFGASPRTDTQY,0
GILGFVFTL,ASSLVFGQLNTEAF,0
GILGFVFTL,ASSRQGPYNEQF,0
GILGFVFTL,ASSYDRVKNIQY,0
GILGFVFTL,ATPLLQDYGYT,0
GILGFVFTL,ATSPRGLEYEQY,0
GILGFVFTL,ASSLSGEQY,0
GILGFVFTL,ASALAGGWAGELF,0
GILGFVFTL,ASSLALSSGGANTGELF,0
GILGFVFTL,ASSLAITSGIYREQY,0
GILGFVFTL,ASSLEHWSNEKLF,0
GILGFVFTL,ASSLSARWGEKYGYT,0
NLVPMVATV,ASSQIGGVGIDTQY,0
NLVPMVATV,ASSSQEGDRYNEQF,0
NLVPMVATV,ASSHPREGWGTENTEAF,0
NLVPMVATV,ASRGRSPNEQY,0
NLVPMVATV,ATSLRRLAGINSYEQY,0
NLVPMVATV,ASSILAGGLNEQF,0
NLVPMVATV,ATSRDRRAGSYNEQF,0
NLVPMVATV,SARDSGTASYEQY,0
NLVPMVATV,ATSASGTGGYEQY,0
NLVPMVATV,ASSPGTARHGELF,0
NLVPMVATV,ATSLHGENSGTGELF,0
NLVPMVATV,ASSMGTEQY,0
NLVPMVATV,ASSLTSEGPRSGELF,0
NLVPMVATV,ASSQTLAEAYEQY,0
NLVPMVATV,ASSFEVSSTEPLAKNIQY,0
NLVPMVATV,ASSQAGEGTEAF,0
NLVPMVATV,ASSLDLRGGNEKLF,0
NLVPMVATV,SARGPETEAF,0
NLVPMVATV,ASSSGQANYYGYT,0
NLVPMVATV,ASSYNQGSYGYT,0
NLVPMVATV,ASSSYGANQPQH,0
NLVPMVATV,SAPVRITVFYGYT,0
NLVPMVATV,ASSYSSGQGATDTQY,0
NLVPMVATV,ASSLGQGAVNEKLF,0
NLVPMVATV,ASSFMTSKFIREQY,0
NLVPMVATV,ASTTASYGYGYT,0
NLVPMVATV,AISRSVGVMNEQF,0
NLVPMVATV,ASSYSGGQVDGYT,0
NLVPMVATV,ASSLSGEGQRGEQF,0
NLVPMVATV,ASSPLGLAGGPGEDTQY,0
NLVPMVATV,ASSQGRDAHT,0
NLVPMVATV,ASSLSPGLAGPRGYEQY,0
NLVPMVATV,ASSLWQSNQPQH,0
NLVPMVATV,ASSLDFAVRGYNEQF,0
NLVPMVATV,AISDPPGPVSYEQY,0
NLVPMVATV,ATSDLPGSRSNEQF,0
NLVPMVATV,ASSSDVEAF,0
NLVPMVATV,ASSKRTGEGVENTIY,0
NLVPMVATV,ATSRGESYTETQY,0
NLVPMVATV,ASSQDLATKETQY,0
NLVPMVATV,ASSSETGPGNTIY,0
NLVPMVATV,ASSSRSGGPNEQF,0
NLVPMVATV,ASSYGMGTEAF,0
NLVPMVATV,ASSIRSVDTQY,0
NLVPMVATV,ASSRGRGGQYNEQF,0
NLVPMVATV,SARSAGTPGNEQF,0
NLVPMVATV,ASSSTQDRENPTNEKLF,0
NLVPMVATV,ASSYWTSSDNAKNIQY,0
NLVPMVATV,ASSIWTDDTDTQY,0
NLVPMVATV,ASSIRSSNEQF,0
NLVPMVATV,ASSLGGLQETQY,0
NLVPMVATV,ASSEVPSSYNEQF,0
NLVPMVATV,ASQDSGGQWGTQY,0
NLVPMVATV,ASRPSGTTQY,0
NLVPMVATV,ASSKEVSGSYNEQF,0
NLVPMVATV,ASSFRLAGAGDTQY,0
NLVPMVATV,ASSLDELAGGTRDTQY,0
NLVPMVATV,ASSGTGVTRGGNEQF,0
NLVPMVATV,ASSEYPGGGEQF,0
NLVPMVATV,ASSLSSIGTGTAF,0
NLVPMVATV,ASSQEGGGALTGELF,0
NLVPMVATV,ASSHGKTSYEQY,0
NLVPMVATV,ASNPSGTGTNYEQY,0
NLVPMVATV,ASSGYRGADTQY,0
NLVPMVATV,ASSKRILSYEQY,0
NLVPMVATV,ASSLGMRGGWDEQF,0
NLVPMVATV,ASSLGLAGSSNEQF,0
NLVPMVATV,ASSFSGELAKNIQY,0
NLVPMVATV,SASDRDRGNGEQF,0
NLVPMVATV,ASSLPAPNEQF,0
NLVPMVATV,SASNFVDRPSYEQY,0
NLVPMVATV,ATRRPGQQETQY,0
NLVPMVATV,ASSYSTSGSMHEQF,0
NLVPMVATV,ASSSGTGRKETQY,0
NLVPMVATV,ASSSGSSWETQY,0
NLVPMVATV,ASSDSSAGATGELF,0
NLVPMVATV,ASSQDPPGASTEAF,0
NLVPMVATV,ASSSGSRGGYGYT,0
NLVPMVATV,ASSPTGLVSYNEQF,0
NLVPMVATV,ATAGGFATNEKLF,0
NLVPMVATV,ATSERDGGRETQY,0
NLVPMVATV,ASSVREGYT,0
NLVPMVATV,ASSVDGSAGRQETQY,0
NLVPMVATV,ASSPRDTLYEQY,0
NLVPMVATV,ASSLLFLGDNEQF,0
NLVPMVATV,ASSPEYSYSNQPQH,0
NLVPMVATV,ASSLERNTIY,0
NLVPMVATV,ASLSGTGLHDSGYT,0
NLVPMVATV,ASSVGQGASNQPQH,0
NLVPMVATV,ASSIFDVGDNEQF,0
NLVPMVATV,ASSINRGASIHPK,0
NLVPMVATV,SAHGTSGGGFDEQF,0
NLVPMVATV,ASSPIGGNTEAF,0
NLVPMVATV,ASSIGARFDYT,0
NLVPMVATV,ASILSPGQVDSTNEKLF,0
NLVPMVATV,SVVAGGGYT,0
NLVPMVATV,ASSPGGSDGYT,0
NLVPMVATV,ASSLSAGLYYEQY,0
NLVPMVATV,ASSYQLAGEGEQF,0
NLVPMVATV,ASSPGRGVADTQY,0
NLVPMVATV,ASSQGAGTGFTYEQY,0
NLVPMVATV,AWSANEWTGAYEQY,0
NLVPMVATV,ASSLYDRVVKNIQY,0
NLVPMVATV,ASSPLFPSSAYNEQF,0
NLVPMVATV,ASGGREGPDTQY,0
NLVPMVATV,SPIAGKDNEQF,0
NLVPMVATV,SARVDRDSYEQYV,0
NLVPMVATV,ASSYSINAAVNYGYT,0
NLVPMVATV,ASSPVFGLTPAKNIQY,0
NLVPMVATV,ATLMTLTSGGRPTDTQY,0
CLGGLLTMV,ASSSPGTGNEQF,0
CLGGLLTMV,ASRGGTAYGYT,0
CLGGLLTMV,AITGSHGYT,0
CLGGLLTMV,ASSYLGSNQPQH,0
CLGGLLTMV,ASSPGLAGGDQETQY,0
CLGGLLTMV,ASSVGQSTGELF,0
CLGGLLTMV,ASRTPPAEQY,0
CLGGLLTMV,ASSLITRGQGITDTQY,0
CLGGLLTMV,ASSDESLPLDEQY,0
CLGGLLTMV,SAREASGRIDEQF,0
CLGGLLTMV,ASSPETGRGLAF,0
CLGGLLTMV,ATGQLNTEAF,0
CLGGLLTMV,ASNWGEQY,0
CLGGLLTMV,ASSTEVGTGRNQPQH,0
CLGGLLTMV,ASSLLRESPYEQY,0
CLGGLLTMV,ASSWMSAEAF,0
CLGGLLTMV,ASSGGSYNEQF,0
CLGGLLTMV,ASSLALRGSYNEQF,0
CLGGLLTMV,ASSRTSGEQY,0
CLGGLLTMV,ASSQYTRGQNYGYT,0
CLGGLLTMV,SASLAGLVYEQY,0
CLGGLLTMV,ASSPGPGQGSMNTEAF,0
CLGGLLTMV,AISEGDSQYQPQH,0
CLGGLLTMV,SARPYAGQGQETQY,0
CLGGLLTMV,ASSQAGDSYNEQF,0
CLGGLLTMV,ATSDPGTGFTDTQY,0
CLGGLLTMV,ASSTAGTENSPLH,0
CLGGLLTMV,ASSITGGINEQY,0
CLGGLLTMV,ASSRRAAYEQY,0
CLGGLLTMV,ASSQATSNYGYT,0
GLCTLVAML,ASSNGAGREAF,0
GLCTLVAML,ASSLWTEILTQY,0
GLCTLVAML,ASSLSRREGHEQF,0
GLCTLVAML,ASSQDSASGTYNEQF,0
GLCTLVAML,ASSPLTVNTEAF,0
GLCTLVAML,ASSERYEETQY,0
GLCTLVAML,ASSFVDYNEQF,0
GLCTLVAML,ASSQGATGYEQY,0
GLCTLVAML,ASSPETGRGLAF,0
GLCTLVAML,ATDAGTGITEAF,0
GLCTLVAML,ASRTERPGGEAF,0
GLCTLVAML,ASSLTSSAAYGYT,0
GLCTLVAML,ASSKGLAGGRHNEQF,0
GLCTLVAML,ASSYSGSDTQY,0
GLCTLVAML,ASSQELAGNTDTQY,0
GLCTLVAML,ASSSGQPEAF,0
GLCTLVAML,ASSVFGGYEQY,0
GLCTLVAML,ASSQGDPYEQY,0
GLCTLVAML,ASSMGLISTGDGYT,0
GLCTLVAML,ASSPEHYEQY,0
GLCTLVAML,ASKPQGLAGGPGTNEQF,0
GLCTLVAML,ASSFGTVQF,0
GLCTLVAML,ASSLDTGNLLTQY,0
GLCTLVAML,ASRSTVMNTEAF,0
GLCTLVAML,SVQEGSNTEAF,0
GLCTLVAML,ASSLSFAGGTDTQY,0
GLCTLVAML,ASSIFQGPDNEKLF,0
GLCTLVAML,ASSAMEYNEQF,0
GLCTLVAML,SALEYLGQSTDTQY,0
GLCTLVAML,ASSLAEGFYGYT,0
GLCTLVAML,ASSASGISNYGYT,0
GLCTLVAML,ASSLSRGHNTDTQY,0
GLCTLVAML,ASSIVGSWEQY,0
GLCTLVAML,SVDVRAGKTYNEQF,0
GLCTLVAML,ASSSFAAHTDTQY,0
GLCTLVAML,ASSEGQGRTYEQY,0
GLCTLVAML,ASSFLVWDSTGELF,0
GLCTLVAML,ASSQVGSGDYNEQF,0
GLCTLVAML,ASSEWSGNTGELF,0
GLCTLVAML,ASSQALAGRGDNEQF,0
GLCTLVAML,SAITGKSYEQY,0
GLCTLVAML,ASSPGGWSGAYNEQF,0
GLCTLVAML,ASRSRHTGELF,0
GLCTLVAML,SARDMVGVDTQY,0
GLCTLVAML,SVDRTEDYGYT,0
GLCTLVAML,ASSQLGREEAF,0
GLCTLVAML,ASSLSGGLGSYEQY,0
GLCTLVAML,ASSWTSGSYEQYV,0
GLCTLVAML,ASSLVDSGSTDTQY,0
GLCTLVAML,ASSLVRGGHYNEQF,0
GLCTLVAML,ASSSDSRNQPQH,0
GLCTLVAML,ASSDPGTGVNEQF,0
GLCTLVAML,SARGDGISSYNEQF,0
GLCTLVAML,ATSRQTSIEQF,0
GLCTLVAML,ASTLSAIQVNDEQY,0
GLCTLVAML,ASSVEPAVRQGAGELF,0
GLCTLVAML,ASSPFGQGAYNEQF,0
GLCTLVAML,ASSFTGSYEQY,0
GLCTLVAML,ASSLDGVRGGKDGYT,0
GLCTLVAML,ASSLEAVGYTDTQY,0
GLCTLVAML,ASSLRRTGYEQY,0
GLCTLVAML,ASSYGTGGTGELF,0
GLCTLVAML,ASSEKRGEPYEQYV,0
GLCTLVAML,ASRGWGNQPQH,0
GLCTLVAML,ASSYGGRETQY,0
GLCTLVAML,ASRLTGGINEQF,0
GLCTLVAML,ASSLSPETSTDTQY,0
GLCTLVAML,ASRGGEKLF,0
GLCTLVAML,ASSSQGRASYEQY,0
GLCTLVAML,ASSQTPDSTDTQY,0
GLCTLVAML,ASSVWGSTDTQY,0
GLCTLVAML,ASSGDRGKWDTEAF,0
GLCTLVAML,ASSYGGQDSYEQY,0
GLCTLVAML,ASSLASDTQY,0
GLCTLVAML,ASSLGDQGDTQY,0
GLCTLVAML,SVETELNGYT,0
GLCTLVAML,ASRTAYNQPQH,0
GLCTLVAML,ASANRVRRALYEQY,0
GLCTLVAML,ASRLMGTSGSTSTDTQY,0
GLCTLVAML,ASTMGLRTDTQY,0
GLCTLVAML,ASSVGGGIDGYT,0
GLCTLVAML,ASSVQGSDIQY,0
GLCTLVAML,ASRVTGSYQETQY,0
GLCTLVAML,ASSQSSVNSPLH,0
GLCTLVAML,SSRDRAETQY,0
GLCTLVAML,ASSQFGKGRLNEKLF,0
GLCTLVAML,ASSVLTGNYGYT,0
GLCTLVAML,ASSIPQSNYGYT,0
GLCTLVAML,ASSLGLGISPLH,0
GLCTLVAML,ASQTGNGNEKLF,0
GLCTLVAML,ASSQDTGIDSPLH,0
GLCTLVAML,ASSLYWGRSTDTQY,0
GLCTLVAML,ASSLLGQPNTEAF,0
GLCTLVAML,ASSVWDGSDTQY,0
GLCTLVAML,ASRSDRGGLDTQY,0
GLCTLVAML,ASTVNPQSSEAYNEQF,0
GLCTLVAML,ATSDFRGLAGVLHTGELF,0
GLCTLVAML,ASSRPKGQEYEQY,0
GLCTLVAML,SARDRGWDEKLF,0
GLCTLVAML,ASSLYGERQETQY,0
GLCTLVAML,ASGFRVAGPIDTGELF,0
GLCTLVAML,ASSPPGAGDEQF,0
GLCTLVAML,ASSFELRRRNSPLH,0
GLCTLVAML,AWSHLAETYNEQF,0
GLCTLVAML,ASSHPGTGKAEAF,0
GLCTLVAML,AQGENEQF,0
GLCTLVAML,ATSGGNGYT,0
GLCTLVAML,ASDVPSGANVLT,0
GLCTLVAML,ASSYFFPGGRAPYEQY,0
GLCTLVAML,ASSFDGGISDTQY,0
GLCTLVAML,ASNPGTGRYGYT,0
GLCTLVAML,SARGLDSSYNEQF,0
GLCTLVAML,ASSPYDNEQF,0
GLCTLVAML,SASSSTGEPEAF,0
GLCTLVAML,ASSLERATDTQY,0
GLCTLVAML,AIIEATQGQAVEHGKLF,0
GLCTLVAML,ASSQTPTGAYGYT,0
GLCTLVAML,ASSIGHTGANVLT,0
GLCTLVAML,SASDYRGPSLVAKNIQY,0
GLCTLVAML,SVSGVSEAF,0
GLCTLVAML,ASSYSGSLARI,0
GLCTLVAML,ASSLSSRRDTQY,0
GLCTLVAML,ASSLSSGISNYGYT,0
GLCTLVAML,ASSYPLVLYNEQF,0
GLCTLVAML,SARDQAIQRSGNTIY,0
GLCTLVAML,ASSNTEETQY,0
GLCTLVAML,ASSFGSEAF,0
GLCTLVAML,ASSLPQQPYGYT,0
GLCTLVAML,ASTDMGQVYGYT,0
GLCTLVAML,ASSESAGSGNEQF,0
GLCTLVAML,ASGDLAGGYNEQF,0
GLCTLVAML,ASSTMPDTQY,0
GLCTLVAML,AISEPGSSYNEQF,0
GLCTLVAML,ASSLVPTEAF,0
GLCTLVAML,ASSPTGRSGELF,0
GLCTLVAML,SARDVPSSYEQY,0
GLCTLVAML,ASSLGQGASQPQH,0
GLCTLVAML,ASSFSTSGANVLT,0
GLCTLVAML,ASSLGTLSQETQY,0
GLCTLVAML,SARGTGVSSYNEQF,0
GLCTLVAML,ASSQARTGRVDEQF,0
GLCTLVAML,ASSGKDRTEAF,0
GLCTLVAML,AISEGSSGGSEQF,0
GLCTLVAML,ATRIGGGAADTQY,0
GLCTLVAML,ASSFTSGRPTETQY,0
GLCTLVAML,ASSHPRGTSGGYSPDTQY,0
GLCTLVAML,SAPGRTQRGTGELF,0
GLCTLVAML,ASRRTGVYEQY,0
GLCTLVAML,ASSLEARPTGDTQY,0
GLCTLVAML,ASSIGQGNYEQY,0
GLCTLVAML,ASSVLRDFPLMSGDNEQF,0
GLCTLVAML,ATSEGVEQY,0
GLCTLVAML,SSTEYNEQF,0
GLCTLVAML,ASSFNSLAAYNEQF,0
GLCTLVAML,ASSGTGYEKLF,0
GLCTLVAML,SARDRGGNAEAF,0
GLCTLVAML,ASSQRGLAENEQF,0
GLCTLVAML,SAESRGSDTEAF,0
GLCTLVAML,ASTDLLAKNIQY,0
GLCTLVAML,SVEDRLAGGEGSYNEQF,0
GLCTLVAML,ASSAVLYSSEYNEQF,0
GLCTLVAML,SASSRTGGYEQY,0
GLCTLVAML,ASSLTGEFNEQF,0
GLCTLVAML,ASSFGYGDRGTDTQY,0
GLCTLVAML,ASSYSMAGGEKLF,0
GLCTLVAML,ASRSQGPGELF,0
GLCTLVAML,ASSLILTSRELF,0
GLCTLVAML,ASSLNRDRDDEQY,0
GLCTLVAML,ASSRSSGANVLT,0
GLCTLVAML,ASSFGTDSYNEQF,0
GLCTLVAML,ASSQEAGSRTYEQY,0
GLCTLVAML,ASSLWGPQDSPEKLF,0
GLCTLVAML,ASREQASTDTQY,0
GLCTLVAML,ASSRTGVDEQY,0
GLCTLVAML,ASSYSGGRGPTDTQY,0
GLCTLVAML,ASSWGAQGSYNEQF,0
GLCTLVAML,ASRMGAGNEQF,0
GLCTLVAML,ATSRMGESDTQY,0
GLCTLVAML,ASSFVLADCYEQY,0
GLCTLVAML,ASSDPDHSNQPQH,0
GLCTLVAML,ASSQERLAGGQGDTQY,0
GLCTLVAML,ASSQGQGEFGQPQH,0
GLCTLVAML,ASSSGPVDNTYEQY,0
GLCTLVAML,ASSLQGAVSGELF,0
GLCTLVAML,ASSPSGSYNEQF,0
GLCTLVAML,ASSSGLVYGYT,0
GLCTLVAML,SADGVERLNTDTQY,0
GLCTLVAML,ASSKGLTGNYEQY,0
GLCTLVAML,ASTPWEGGNEKLF,0
GLCTLVAML,SAKETDYYGYT,0
GLCTLVAML,ASSQSWDSPYEQY,0
GLCTLVAML,ASSRQDNSPLH,0
GLCTLVAML,ASSEAETSRMETDTQY,0
GLCTLVAML,ASSPFRADYGYT,0
GLCTLVAML,ASSVARTGTNTGELF,0
GLCTLVAML,ASSSPGQGAHEQF,0
GLCTLVAML,ASSLGTGPEAF,0
GLCTLVAML,ASSTTSGPVWTQY,0
GLCTLVAML,ASSQGGTANTEAF,0
GLCTLVAML,ASSPQGYYGYT,0
GLCTLVAML,ASGTRAANTGELF,0
GLCTLVAML,ASSRSLGTDGNYEQY,0
GLCTLVAML,SAIPLEAVPNYGYT,0
GLCTLVAML,ASSPTSNTEAF,0
GLCTLVAML,ASSFSESVVNEQF,0
GLCTLVAML,ASSLGDESLRAYEQY,0
GLCTLVAML,ATSDKESAYNEQF,0
GLCTLVAML,ASSESGATQY,0
GLCTLVAML,ATSDFPLSDTQY,0
GLCTLVAML,ASSQHTEFYHEQF,0
GLCTLVAML,ATSGLPLGPTYEQY,0
GLCTLVAML,ASSLWLAAYEQY,0
GLCTLVAML,ASSKTGTSKNEQF,0
GLCTLVAML,ASSQGVGTEVG,0
GLCTLVAML,SARVEGGDQPQH,0
GLCTLVAML,ASSYSARPNTYEQY,0
GLCTLVAML,AGSDRYNSPLH,0
GLCTLVAML,ASSEPRDLDTQY,0
GLCTLVAML,ATKDRVRGYT,0
GLCTLVAML,ASSLDRVYEQY,0
GLCTLVAML,ASSDSGGSSGELF,0
GLCTLVAML,ASSQPNKGGSSGNTIY,0
GLCTLVAML,ASSDGRDTEAF,0
GLCTLVAML,ASSLVTLTNTEAF,0
GLCTLVAML,ASSGPRQGNEKLF,0
GLCTLVAML,ASRLNQETQY,0
GLCTLVAML,ASTTWGTEAF,0
GLCTLVAML,ASSPSTSGGQETQY,0
GLCTLVAML,ASSPWPDGGSNYGYT,0
GLCTLVAML,ASSQESGDYNEQF,0
GLCTLVAML,ASSPTDRANGYT,0
GLCTLVAML,ASSPPDIPMGETQY,0
GLCTLVAML,ASSFGGRALPSSYNEQF,0
GLCTLVAML,ASRGQGVGSYNEQF,0
GLCTLVAML,ASSLGTPLAGMDADTQY,0
GLCTLVAML,ASSPESAEGSYT,0
GLCTLVAML,SATVLAGRQETQY,0
GLCTLVAML,ASSFKHVGRDAKIYGYT,0
GLCTLVAML,ASSLDTQDASTDTQY,0
GLCTLVAML,ASSQEVGATYNQPQH,0
GLCTLVAML,ASSLVGDKQETQY,0
GLCTLVAML,ATSEGLAPTGELF,0
GLCTLVAML,ASSDGQGLETQY,0
GLCTLVAML,ATSREEGDGYT,0
GLCTLVAML,SAPGQTYNEQF,0
GLCTLVAML,ASRAFIGAGSSDYT,0
GLCTLVAML,ASSVGRERANTEAF,0
GLCTLVAML,ASSWTTEAF,0
GLCTLVAML,ASSILVGQGSYNEQF,0
GLCTLVAML,ASSQEGGGWSGYT,0
GLCTLVAML,ASSLGDNTEAF,0
GLCTLVAML,ASSNGYEQY,0
GLCTLVAML,ASSFSQGNQPQH,0
GLCTLVAML,ASSLSWNQPQH,0
GLCTLVAML,ATSDSRLETQY,0
GLCTLVAML,ASSLVGLKNYGYT,0
GLCTLVAML,ATASPPLVNEQF,0
GLCTLVAML,ASSPGPGQGANQPQH,0
GLCTLVAML,ASSPAVGFLTDTQY,0
GLCTLVAML,ASSVGLGQPQH,0
GLCTLVAML,ASRDDTVGYT,0
GLCTLVAML,ASSRPDRGVGSYNEQF,0
GLCTLVAML,ASSIPGLADNEQF,0
GLCTLVAML,ASSVVPDSSQAYGYT,0
GLCTLVAML,ASSFEGGGDTQY,0
GLCTLVAML,ATSLGNFEKLF,0
GLCTLVAML,ASSFIENTEAF,0
GLCTLVAML,ASSLSPSTGYYSQETQY,0
GLCTLVAML,SAKNLAGPDNQPQH,0
GLCTLVAML,SPGTGTLLNDEQF,0
GLCTLVAML,ASSFHREHEQY,0
GLCTLVAML,ASRVGPEAF,0
GLCTLVAML,ASSLEGTGGEY,0
GLCTLVAML,ASSFGVTVHNEKLF,0
GLCTLVAML,ASSQAPLGNTEAF,0
GLCTLVAML,ASSVGRGRLGNSPLH,0
GLCTLVAML,ASSPAGFEETQY,0
GLCTLVAML,ASRLSFTGNQPQH,0
GLCTLVAML,ASSELDSSTDTQY,0
GLCTLVAML,ASATLGGQDEQY,0
GLCTLVAML,ATSRDLTRVGNTIY,0
GLCTLVAML,ASIRTSGNDNEQF,0
GLCTLVAML,ASSGVSQRETQY,0
GLCTLVAML,ASSSAPISMNTEAF,0
GLCTLVAML,ASSPSERKSYNEQF,0
GLCTLVAML,ASSFPNLTPLI,0
GLCTLVAML,ASSLSVGIVETQY,0
GLCTLVAML,QQRPGGGEETQY,0
GLCTLVAML,ASTHGGTPDTQY,0
GLCTLVAML,ASSRNNQPQH,0
GILGFVFTL,ASSEGIYGYT,1
GILGFVFTL,ASSIGLYGYT,1
GILGFVFTL,ASSPRHTDTQY,1
GILGFVFTL,ASSIRSGQVEQF,1
GILGFVFTL,ASGPRSAYEQY,1
GILGFVFTL,ASSFRSSYEQY,1
GILGFVFTL,ASSGRSTDTQY,1
GILGFVFTL,ASSIFDGQPQH,1
GILGFVFTL,ASSIRAAYEQY,1
GILGFVFTL,ASSIRAGEEQY,1
GILGFVFTL,ASSIRSAYEQY,1
GILGFVFTL,ASSIRSDSPLH,1
GILGFVFTL,ASSIRSSYEQY,1
GILGFVFTL,ASSIRSTDTQY,1
GILGFVFTL,ASSIRSTGELF,1
GILGFVFTL,ASSKRSTDTQY,1
GILGFVFTL,ASSLRAAYEQY,1
GILGFVFTL,ASSMRSAYEQY,1
GILGFVFTL,ASSMRSTDTQY,1
GILGFVFTL,ASSPRSTDTQY,1
GILGFVFTL,ASSQRSTDTQY,1
GILGFVFTL,ASSQRSTGELF,1
GILGFVFTL,ASSSRSAYEQY,1
GILGFVFTL,ASSSRSTDTQY,1
GILGFVFTL,ASSSRSTGELF,1
GILGFVFTL,ASSTRGSGEQF,1
GILGFVFTL,ASSTRSADTQY,1
GILGFVFTL,ASSTRSQETQY,1
GILGFVFTL,ASSTRSSYEQY,1
GILGFVFTL,ASSVRSAGELF,1
GILGFVFTL,ASSVRSAYEQY,1
GILGFVFTL,ASSVRSSYEQY,1
GILGFVFTL,ASSVRSTDTQY,1
GILGFVFTL,ASSVRSTGELF,1
GILGFVFTL,ASSYYSNQPQH,1
GILGFVFTL,ASSLTGVDEQF,1
GILGFVFTL,ASSVTGVDEQF,1
NLVPMVATV,ASSLEGYTEAF,1
NLVPMVATV,ASSNQGYTEAF,1
GLCTLVAML,ASSQSPGGTQY,1
GLCTLVAML,ASSVVGGDEQF,1
GLCTLVAML,ASSYGQQETQY,1
GLCTLVAML,SARDEVGNTIY,1
GLCTLVAML,SARDQTGNGYT,1
GLCTLVAML,SARDRTGNGYT,1
GLCTLVAML,SARDRVGNGYT,1
GLCTLVAML,SARDRVGNTIY,1
GLCTLVAML,SARTGAGNTIY,1
GLCTLVAML,SARVGVGNTIY,1
GLCTLVAML,SVGGTTYGYT,1
GLCTLVAML,SVGRDGTNEKLF,1
GLCTLVAML,SVGSGGTNEKLF,1
GLCTLVAML,SVGTGGTNEKLF,1
GLCTLVAML,SVSGTDYNEQF,1
GILGFVFTL,ASSFAGANVLT,0
GILGFVFTL,ASSPTRTSGSILDEQF,0
GILGFVFTL,ASSPGDQPQH,0
GILGFVFTL,STRDRVRYEQY,0
GILGFVFTL,AWSATGDYGYT,0
GILGFVFTL,ASSSGGVEAF,0
GILGFVFTL,ASSLEGREQY,0
GILGFVFTL,ASAPGPGYEQY,0
GILGFVFTL,ASSHQDYYGYT,0
GILGFVFTL,ASSVGTSNEQF,0
GILGFVFTL,ASSIEGDRLTGELF,0
GILGFVFTL,ASSLLGQTEAF,0
GILGFVFTL,ASGGGQPKIDNEQF,0
GILGFVFTL,ASSPRGETQY,0
GILGFVFTL,ASSVGESYEQY,0
GILGFVFTL,ASSPGPNSPLH,0
GILGFVFTL,ASSATGFHEQF,0
GILGFVFTL,ASSTSSAGGFAGGLNEQF,0
GILGFVFTL,ASSDGLAGGRGGYNEQF,0
GILGFVFTL,SASQEVWFPGYSNQPQH,0
GILGFVFTL,ASSYSGAGETQY,0
GILGFVFTL,ASIQTGDYTEAF,0
GILGFVFTL,ATSAGVTEAF,0
GILGFVFTL,AWSGGTTEAF,0
GILGFVFTL,ASSYWTSVAKNIQY,0
GILGFVFTL,ASSLQTTQGSSYNSPLH,0
GILGFVFTL,ASRDRDSYEQY,0
GILGFVFTL,SAPRGWGENGYT,0
GILGFVFTL,ASSVEGGNSPLH,0
GILGFVFTL,ASSLGGAQPQH,0
GILGFVFTL,ASSSAPNTEAF,0
GILGFVFTL,ASSDFSSYEQY,0
GILGFVFTL,ASSLGGTDYEQY,0
GILGFVFTL,ASSLAPDEAF,0
GILGFVFTL,ASSSLRDRGLNTIY,0
GILGFVFTL,ASSDNSYNEQF,0
GILGFVFTL,ASSPTGKGYT,0
GILGFVFTL,SARSLAGDDEQY,0
GILGFVFTL,ASSRSPYEQY,0
GILGFVFTL,ASSDGPLGYT,0
GILGFVFTL,ASSLLRAGELF,0
GILGFVFTL,ASRTTRVHTEAF,0
GILGFVFTL,ASSTPGQGLEQY,0
GILGFVFTL,ASSVDRGLNGYT,0
GILGFVFTL,ASRRTTGYNEKLF,0
GILGFVFTL,ASSVFGGGETQY,0
GILGFVFTL,ASSPRTANEQF,0
GILGFVFTL,ASKLGGSTGELF,0
GILGFVFTL,ASSDIRGLGSNQPQH,0
GILGFVFTL,ASSEGRGNQPQH,0
GILGFVFTL,ASSLVSEREHEQY,0
GILGFVFTL,ASSYLSGQNYEQY,0
GILGFVFTL,ASSLYRGRPNEKLF,0
GILGFVFTL,ASSSGVRDTEAF,0
GILGFVFTL,ASSFREGVQPQH,0
GILGFVFTL,ASSVGVGSGDEQF,0
GILGFVFTL,ASSSTGELF,0
GILGFVFTL,ASRDSLLSYNEQF,0
GILGFVFTL,ASSITGLGTEAF,0
GILGFVFTL,SARLLGGWTEAF,0
GILGFVFTL,ASSSGHYNEQF,0
GILGFVFTL,ASSGYRGGPYNEQF,0
GILGFVFTL,ASSLSYDPFGLAF,0
GILGFVFTL,ASSQEQRSPPGELF,0
GILGFVFTL,ASSGARTSGTDTQY,0
GILGFVFTL,ASSYPPELAF,0
GILGFVFTL,ASFGDGTYEQY,0
GILGFVFTL,ASRAGQGFNEQF,0
GILGFVFTL,SVEDRGNTGELF,0
GILGFVFTL,ASSVDTGENTEAF,0
GILGFVFTL,ASSVATSYEQY,0
GILGFVFTL,ASSGWGGMGTEAF,0
GILGFVFTL,ASSTEGDTAMNTEAF,0
GILGFVFTL,ASSIANSYEQY,0
GILGFVFTL,ASSFKGGAGYNEQF,0
GILGFVFTL,ATSMLRDSITTDTQY,0
GILGFVFTL,ASSAWRRGGNTGELF,0
GILGFVFTL,ASNEQGAYETQY,0
GILGFVFTL,ASSEGAGQPQH,0
GILGFVFTL,AWIDFEGSDYGYT,0
GILGFVFTL,ASSLPLAGAYNEQF,0
GILGFVFTL,ASSPEGTGEGPQH,0
GILGFVFTL,ASSPPGVYEQY,0
GILGFVFTL,ASTSSGSYEQY,0
GILGFVFTL,ASSAGTGYGANVLT,0
GILGFVFTL,ASSFWGAGEQF,0
GILGFVFTL,ASSYSMGGNTGELF,0
GILGFVFTL,ASSYSALNTEAF,0
GILGFVFTL,ASSEGLPNYGYT,0
GILGFVFTL,ASSPQGSLETQY,0
GILGFVFTL,ASSPTGLGSPLH,0
GILGFVFTL,ASSSGTGVTEAF,0
GILGFVFTL,ASRQTRTATNYGYT,0
GILGFVFTL,ASSFGVNTEAF,0
GILGFVFTL,ASSLPREGDSRTEAF,0
GILGFVFTL,ASSQERDRGSTDTQY,0
GILGFVFTL,ASSITGDKNIQY,0
GILGFVFTL,SSTGGGRYGYT,0
GILGFVFTL,ASSLVQSPGNTIY,0
GILGFVFTL,ASSTFEEILIGYEQY,0
GILGFVFTL,ASSYSDEQY,0
GILGFVFTL,ASIGSGGEKLF,0
GILGFVFTL,ASSPLLGGTYNEQF,0
GILGFVFTL,ASSQRDRRRQAF,0
GILGFVFTL,ASSLGIDEQF,0
GILGFVFTL,ASSWTGTLGETQY,0
GILGFVFTL,ASGGGWETQY,0
GILGFVFTL,ASAAWYRVHNEQF,0
GILGFVFTL,ASSNRDRAWQGETQY,0
GILGFVFTL,ASSLNGDTQY,0
GILGFVFTL,ASSQDLQETSPYGYT,0
GILGFVFTL,ASSLSRSTGELF,0
GILGFVFTL,SARESTSGDSDTQY,0
GILGFVFTL,ASSPSQGLLQPQH,0
GILGFVFTL,ASSSGLGELF,0
GILGFVFTL,ASSSSWGRINEKLF,0
GILGFVFTL,ASSLRQDTEAF,0
GILGFVFTL,ASRLAGGSTGQF,0
GILGFVFTL,ASKGTGGGH,0
GILGFVFTL,ASSKELGRDGGVHHI,0
GILGFVFTL,ASSLETGEISYGYT,0
GILGFVFTL,ASSQGRGEETQY,0
GILGFVFTL,ASSPHSGGARNEQF,0
GILGFVFTL,ARTDNTGELF,0
GILGFVFTL,ASILGSNQPQH,0
GILGFVFTL,ASSLPDPGANVLT,0
GILGFVFTL,ASSRGAPTSGNTIY,0
GILGFVFTL,ASSFGQANYGYT,0
GILGFVFTL,ASRWDRITTNEKLF,0
GILGFVFTL,ASSPGSGNTIY,0
GILGFVFTL,ASSLFPSYEQY,0
GILGFVFTL,ASSISGQGTDTQY,0
GILGFVFTL,ASSSGPGGSYEQY,0
GILGFVFTL,ASSDRGTDTQY,0
GILGFVFTL,ASSFFADRERDYTEAF,0
GILGFVFTL,ASSPGHTEAF,0
GILGFVFTL,ASSTGLAGDSTDTQY,0
GILGFVFTL,ASSSFHPGLAGFDIQY,0
GILGFVFTL,ASRDSYGYT,0
GILGFVFTL,ASSVVSRVSGDTQY,0
GILGFVFTL,ASSLNHEQF,0
GILGFVFTL,ASSLLGESPYEQY,0
GILGFVFTL,ASSDGQGREQY,0
GILGFVFTL,ASSMTGGSYEQY,0
GILGFVFTL,ASLLLLNNEQF,0
GILGFVFTL,ASSEDRGLYEQY,0
GILGFVFTL,ASSPGLAGPTDTQY,0
GILGFVFTL,ASSQDRLSSPGELF,0
GILGFVFTL,ASSEFLGTTLETQY,0
GILGFVFTL,ASSPPQGNYGYT,0
GILGFVFTL,ASTGLGGFSDTQY,0
GILGFVFTL,ASSTRNTDTQY,0
GILGFVFTL,ASSPSSGAGIQY,0
GILGFVFTL,ASSPVPDGANVLT,0
GILGFVFTL,ASSGDNYGYT,0
GILGFVFTL,ASSPINTEAF,0
GILGFVFTL,ASSPPGQLDEQY,0
GILGFVFTL,ASSDSRGVTDTQY,0
GILGFVFTL,ASSQDGGLGGPEYEQY,0
GILGFVFTL,ASSLSLYGYT,0
GILGFVFTL,ASSSTGGHEQY,0
GILGFVFTL,ASRLVGIEAF,0
GILGFVFTL,ASRPSDGYYGYT,0
GILGFVFTL,ASSANRGTSTDTQY,0
GILGFVFTL,ASSQSTEAF,0
GILGFVFTL,ASSLRTGELF,0
GILGFVFTL,ASSLDRGYGYT,0
GILGFVFTL,ASSYSSVLGGQSSYNEQF,0
GILGFVFTL,ASSHYDGKVAGAYYEQY,0
GILGFVFTL,ASSLARDEQY,0
GILGFVFTL,ASSRDSSYEQY,0
GILGFVFTL,ASSVGSPDTQY,0
GILGFVFTL,ASSRVPGLAGGPPYNEQF,0
GILGFVFTL,ASSFPSTSGGTDTQY,0
GILGFVFTL,ASSLLTSGVVGTDTQY,0
GILGFVFTL,ASSLEGNTEAF,0
GILGFVFTL,ASSHPIGGSDTIY,0
GILGFVFTL,ASSGGRGDTIY,0
GILGFVFTL,ASSSDRDESSPLH,0
GILGFVFTL,ASSFFVGRKNTGELF,0
GILGFVFTL,ASSTTEPAVGAGELF,0
GILGFVFTL,ASSPQGARLDEQF,0
GILGFVFTL,SVDQQEIYGYT,0
GILGFVFTL,ASSQDWAAEAF,0
GILGFVFTL,ASSLEASHETQY,0
NLVPMVATV,AISKTSGGADSYNEQF,0
NLVPMVATV,ASSEVGASYEQY,0
NLVPMVATV,ASSISGSNTEAF,0
NLVPMVATV,ASRIEGPSNQPQH,0
NLVPMVATV,ASSQRSTGELF,0
NLVPMVATV,ASSNPADTQY,0
NLVPMVATV,ATSDFSGAEAF,0
NLVPMVATV,ASSPDRGYEQY,0
NLVPMVATV,ASSQDLVLAAYNEQF,0
NLVPMVATV,ASRRTTSGSESEQY,0
GLCTLVAML,ASSLTGVAYEQY,0
GLCTLVAML,ASSEHSSWGANVLT,0
GLCTLVAML,ASSLGTGDVGTDTQY,0
GLCTLVAML,AIGDRSNYGYT,0
GLCTLVAML,ASIGPGKNIQY,0
GLCTLVAML,ASSLGAGPYEQY,0
GLCTLVAML,ASNQGTVNTGELF,0
GLCTLVAML,ATINTENEQF,0
GLCTLVAML,SARLGTSVYNEQF,0
GLCTLVAML,ASSESGPDTQY,0
GLCTLVAML,SATDRSTGELF,0
GLCTLVAML,ASRAHNQPQH,0
GLCTLVAML,ASSQVDRVTDTQY,0
GLCTLVAML,SARAGDRYNEKLF,0
GLCTLVAML,ASSLEGQRNYGYT,0
GLCTLVAML,ASSPRTATDTQY,0
GLCTLVAML,ASSCTGQGCVLRKHHI,0
GLCTLVAML,ASSPLTSGITGELF,0
GLCTLVAML,ASSLIGTGELF,0
GLCTLVAML,ASSLGQGSEQY,0
GLCTLVAML,ASSQEYQLANYGYT,0
GLCTLVAML,SAIHPRQSGSPLH,0
GLCTLVAML,ASSVGDAQYEQY,0
GLCTLVAML,ASSLLAREPYEQY,0
GLCTLVAML,ASSMRDPQETQY,0
GLCTLVAML,ASSALYGGSYNEQF,0
GLCTLVAML,ASSLGSATEAF,0
GLCTLVAML,ASSVGDRAEAF,0
GLCTLVAML,ASSEILSNQPQH,0
GLCTLVAML,ASSLDRLVLYNEQF,0
GLCTLVAML,ASSQDSWTGSEQY,0
GLCTLVAML,ASSETPRTVNTGELF,0
GLCTLVAML,ASSYGGFNEKLF,0
GLCTLVAML,ASSYTWLGDQPQH,0
GLCTLVAML,ASTRQGMNTEAF,0
GLCTLVAML,ASSSGDTYTGELF,0
GLCTLVAML,ASSLIGQRGYT,0
GLCTLVAML,ASRHQTSGTHNEQF,0
GLCTLVAML,ASSKTGQGARGELF,0
GLCTLVAML,ASLGGDGYT,0
GLCTLVAML,ASSQTGGAGPPQH,0
GLCTLVAML,ASSLVNEQF,0
GLCTLVAML,ASSVGGAMNTEAF,0
GLCTLVAML,ASSLSGEGVRNSPLH,0
GLCTLVAML,ASSEFRRGTGELF,0
GLCTLVAML,SAREYYRGGDGYT,0
GLCTLVAML,ASSLSQGSYEQY,0
GLCTLVAML,ASSLVAGGPFADTQY,0
GLCTLVAML,ASSLPVTYTGELF,0
GLCTLVAML,ASSPAGLAYEQY,0
GLCTLVAML,ASSLGRVPYGYT,0
GLCTLVAML,SAHGDSRRLNSPLH,0
GLCTLVAML,ASSFGQQGSYEQY,0
GLCTLVAML,ASSYTGVPEKLF,0
GLCTLVAML,ASTRDVLMAGELF,0
GLCTLVAML,ASSLMNTEAF,0
GLCTLVAML,SARRVGWGNEQF,0
GLCTLVAML,ASTAADEKLF,0
GLCTLVAML,ASSQESSLYEQY,0
GLCTLVAML,ASQKDRLNTEAF,0
GLCTLVAML,ASSQAWQYNEQF,0
GLCTLVAML,ASSQSGRETGAF,0
GLCTLVAML,ASSEFGLADYNEQF,0
GLCTLVAML,ASSANKRTGQMNTEAF,0
GLCTLVAML,ASTTNPRDEQY,0
GLCTLVAML,ASSLLTGNQPQH,0
GLCTLVAML,SARDWGVSPLH,0
GLCTLVAML,ASSRGRVTYEQY,0
GLCTLVAML,ASSFLSGGISYEQY,0
GLCTLVAML,ASREQGNTEAF,0
GLCTLVAML,ASSYSAPEQF,0
GLCTLVAML,ASSIFGQGNYGYT,0
GLCTLVAML,ASSVDRGYEQYV,0
GLCTLVAML,ASLGRLNPYNEQF,0
GLCTLVAML,ASSRRGSSYNEQF,0
GILGFVFTL,ASSMLAGGLNEQF,1
GILGFVFTL,ASSQTGLNTEAF,1
NLVPMVATV,ASSLAPGATNEKLF,1
NLVPMVATV,ASSLAPGTTNEKLF,1
NLVPMVATV,ASSPQTGVSYGYT,1
NLVPMVATV,ASSYQTGAAYGYT,1
NLVPMVATV,ASSYQTGASYGYT,1
GLCTLVAML,ASSEGRVAPGELF,1
GLCTLVAML,ASSFTSGTTDTQY,1
GILGFVFTL,ASSSWTSGEGETQY,0
GILGFVFTL,SAGQGATEAF,0
GILGFVFTL,ASTTEYNEQF,0
GILGFVFTL,ASSPLTVAGGIYNEQF,0
GILGFVFTL,ASSPIGSGELF,0
GILGFVFTL,ASSNKRTATISYEQY,0
GILGFVFTL,ASSLDPLDTQY,0
GILGFVFTL,ASSLVQGGGGYT,0
GILGFVFTL,ASSPRPLNTEAF,0
GILGFVFTL,ASSFGTGGNEQF,0
NLVPMVATV,ASSLGETASYEQY,0
NLVPMVATV,ASSLAESATGELF,0
NLVPMVATV,ASSQGTVYGYT,0
NLVPMVATV,ASSQSGRGSYEQY,0
NLVPMVATV,ASSQVPGRPEAF,0
NLVPMVATV,ASSFLEVQRDRLTDTQY,0
NLVPMVATV,ASSWGQGGTDTQY,0
NLVPMVATV,ASSDQAGGSDTQY,0
NLVPMVATV,ASSLGLAGNYEQY,0
NLVPMVATV,ASSLGGVEAF,0
NLVPMVATV,ASSPGLAINEQF,0
NLVPMVATV,SSKGVPYNEQF,0
NLVPMVATV,SAQASAGVSYEQY,0
NLVPMVATV,ASSLLSDSYNSPLH,0
NLVPMVATV,ASSPPYSGANVLT,0
NLVPMVATV,ASSGVGDTQY,0
NLVPMVATV,ASSEGQTGNTIY,0
NLVPMVATV,ASSTRGDREGYQETQY,0
NLVPMVATV,ASSWGQGTYEQY,0
NLVPMVATV,ASSHVNQPQH,0
NLVPMVATV,AIRRDRPDEQY,0
NLVPMVATV,ASSLLRETPYEQYV,0
NLVPMVATV,ASSYSGLAGLHDYEQY,0
NLVPMVATV,ASSLVGLSSNQPQH,0
NLVPMVATV,ASSTLDTDTQY,0
GLCTLVAML,ASSQGRGSGNTIY,0
GLCTLVAML,ASSIDRETSTDTQY,0
GLCTLVAML,ASSAQYEQF,0
GLCTLVAML,AIQFLLGSGELF,0
GLCTLVAML,ASSLSGGADNEQF,0
GLCTLVAML,ASSQGGTAINYGYT,0
GLCTLVAML,ASSYTTDSYNEQF,0
GLCTLVAML,ASSSTGANTGELF,0
GLCTLVAML,ASSSDTANTGELF,0
GLCTLVAML,ASSLARQGDEQF,0
GILGFVFTL,ASSIGWHGYT,1
NLVPMVATV,ASSESTDEKLF,1
NLVPMVATV,ASTLLGGAGYNEQF,1
GLCTLVAML,ASSVVGGDEQY,1
NLVPMVATV,QQLLFSGGGNEQF,1
GLCTLVAML,SARTGVGNTIY,1
GLCTLVAML,SARWGVGNTIY,1
GILGFVFTL,ASSTRHTDTQY,1
GILGFVFTL,ASSIFGGAETQY,1
NLVPMVATV,ASRLLAGGDNEQF,1
GLCTLVAML,SARDRGIGNTIY,1
GLCTLVAML,SVGAGGTNEKLF,1
GLCTLVAML,SVGQDGTNEKLF,1
GILGFVFTL,ASSIRAAGELF,1
GILGFVFTL,ASSIRSSTEAF,1
GILGFVFTL,ASSMRSSEPQH,1
GILGFVFTL,ASSMRSTGELF,1
GILGFVFTL,ASSSRATGELF,1
NLVPMVATV,ASSPTTGTGNYGYT,1
GLCTLVAML,ASSVAQLAGGTDTQY,1
NLVPMVATV,ASSSASYGYT,1
NLVPMVATV,ASSLSTGTSYGYT,1
NLVPMVATV,ASSYQTGANYGYT,1
GILGFVFTL,ASSSRALGEQY,0
GILGFVFTL,SARVVGVGEKLF,0
GILGFVFTL,ASSSHLGSWGTEAF,0
GILGFVFTL,ASSLGPGTEAF,0
GILGFVFTL,ASTLGQGAPGYT,0
GILGFVFTL,SAREGLAGGSYNEQF,0
GILGFVFTL,ASSLVSVADTQY,0
GILGFVFTL,SATTSEGGELF,0
GILGFVFTL,SVPGTADTEAF,0
GILGFVFTL,ASSDSTEENEQF,0
GILGFVFTL,ATVQGGFSNQPQH,0
GILGFVFTL,AWSVRGSGDEETQY,0
GILGFVFTL,ASSVGQATNEKLF,0
GILGFVFTL,ASSLGADSNSPLH,0
GILGFVFTL,ASSATGESDYNSPLH,0
GILGFVFTL,SARPERGSYEQY,0
GILGFVFTL,ASSHPETVRGYT,0
GILGFVFTL,ASSRVGDQSYEQY,0
GILGFVFTL,ASSLHRGSSTGELF,0
GILGFVFTL,ASSYNAQGDTEAF,0
GILGFVFTL,ASTESSWMNTEAF,0
GILGFVFTL,ASRPRGTNEKLF,0
GILGFVFTL,ASSYSGGTGANVLT,0
GILGFVFTL,ASSPGGGDNEQF,0
GILGFVFTL,ASSQDPRGGTEAF,0
GILGFVFTL,ASSSRLAGGRDTQY,0
GILGFVFTL,ASSFPPDRGFNSPLH,0
GILGFVFTL,ATSEEQGTEAF,0
GILGFVFTL,ASSVSPDPFYEQY,0
GILGFVFTL,ASRLAGRSYEQY,0
GILGFVFTL,AWSGLAGDLYNEQF,0
GILGFVFTL,ASSQDRTGGSETQY,0
GILGFVFTL,ASSAEGDRAQPQH,0
GILGFVFTL,ASSILGLGDTQY,0
GILGFVFTL,ASSSRDRGRRDNQPQH,0
GILGFVFTL,ASSPTGLNTEAF,0
GILGFVFTL,ASSEGTEAF,0
GILGFVFTL,SVIPLAGGIYNEQF,0
GILGFVFTL,ASQTSGSDEQF,0
GILGFVFTL,ASSLGRVPGDTQY,0
NLVPMVATV,SARDQGAGDQSPLH,0
NLVPMVATV,ASSLASSAQQETQY,0
NLVPMVATV,ASSQGLAGGPLGELF,0
NLVPMVATV,ASSDERFYNEQF,0
NLVPMVATV,ASSQIGTGALGAEAF,0
NLVPMVATV,ASSQDGMGSAGYT,0
NLVPMVATV,ASSYVTAEAF,0
NLVPMVATV,ASSELGVSGANVLT,0
NLVPMVATV,ATSLGSGGVQDEQF,0
NLVPMVATV,ASGGYRSGENIQY,0
NLVPMVATV,ASSPSQGVDEKLF,0
NLVPMVATV,AISDYPGLAGGGNEQF,0
NLVPMVATV,ASSPRTGISYEQY,0
NLVPMVATV,SARDAQGAAGRDPYEQY,0
NLVPMVATV,ASNPPRRATIY,0
NLVPMVATV,ASSLSYGYRTDTQY,0
NLVPMVATV,ASSEVAGGSGETQY,0
NLVPMVATV,ASSRGWGEETQY,0
NLVPMVATV,ASSPGTVPTPYGYT,0
NLVPMVATV,AGSSDRTNSPLH,0
NLVPMVATV,SARDSQDDFGTDTQY,0
NLVPMVATV,ASSPTSLDEQF,0
NLVPMVATV,ASTLRDTEAF,0
NLVPMVATV,ASSQRTANTEAF,0
NLVPMVATV,ASSVDPSGYT,0
NLVPMVATV,ASSDLLALREQF,0
NLVPMVATV,ASSVDAGGNHEQY,0
NLVPMVATV,ASSVNTDMNRGSNYGYT,0
NLVPMVATV,ASSPTSGRHTGELF,0
NLVPMVATV,ASSPGGKLIVVNNEQF,0
NLVPMVATV,ASSEFDSQETQY,0
NLVPMVATV,ASRGPYSNTGELF,0
NLVPMVATV,ASSWRDRRPWETQY,0
NLVPMVATV,SIEPQNTEAF,0
NLVPMVATV,ASSIGAGEGYNEQF,0
NLVPMVATV,ASSQEDRGLAYEQY,0
NLVPMVATV,ASSSTRDRAGYEAF,0
NLVPMVATV,ASRDRGKNEQY,0
NLVPMVATV,ASSYSGTEAF,0
NLVPMVATV,SASLLAGITDTQY,0
GLCTLVAML,ASSLAGWTSGGARADTQY,0
GLCTLVAML,ATSDPRDSQETQY,0
GLCTLVAML,ASSLRDRGDRNYGYT,0
GLCTLVAML,ATLAFYGYT,0
GLCTLVAML,ASSLRIGGQTMNTEAF,0
GLCTLVAML,ASTHAPGLAGRGRYNEQF,0
GLCTLVAML,ASSLGPGSGANVLT,0
GLCTLVAML,ASSDPQGTMDYRPQH,0
GLCTLVAML,ASSPGTGGQPQH,0
GLCTLVAML,ASSEFPPPYEQY,0
GLCTLVAML,ASSFLNEQF,0
GLCTLVAML,ASRDKAAQDEKLF,0
GLCTLVAML,AISELAGPSGNEQF,0
GLCTLVAML,ASSWGINEQF,0
GLCTLVAML,ASSIGIGGNYGYT,0
GLCTLVAML,ASSLEPTDRDSYGYT,0
GLCTLVAML,ASGTDTQY,0
GLCTLVAML,ATSRAGEETQY,0
GLCTLVAML,ASSEFGDRGLSYNSPLH,0
GLCTLVAML,PPLLTEEKETQY,0
GLCTLVAML,ASSQERGGEGNGYT,0
GLCTLVAML,ASSRGYEAF,0
GLCTLVAML,ASSQPPGGGEGTDEKLF,0
GLCTLVAML,ASSNLPGQGYEQY,0
GLCTLVAML,ASSPPAGTREQF,0
GLCTLVAML,ASSDGLAYEQF,0
GLCTLVAML,ASSQVQVTGELF,0
GLCTLVAML,ASSQVDEQF,0
GLCTLVAML,ASSLGQGGGYT,0
GLCTLVAML,ASSSPQGIGNEQF,0
GLCTLVAML,ATSVGGVETQY,0
GLCTLVAML,ASSFGEQY,0
GLCTLVAML,ASRPGPGQSYEQY,0
GLCTLVAML,ASSFRLNTEAF,0
GLCTLVAML,ASSEIGQGGTDTQY,0
