peptide,cdr3,bind,predicted_score
GILGFVFTL,VDGSTYN,1,0.868091247
GILGFVFTL,LTGTPQE,1,0.243862527
GILGFVFTL,VRAGISSY,1,0.645570728
GILGFVFTL,DLAGPKN,1,0.439650603
GILGFVFTL,GRSTG,1,1.050957397
GILGFVFTL,DRAGI,1,0.717985686
GILGFVFTL,ISALD,1,0.792805958
GILGFVFTL,IVHLN,1,0.734373513
GILGFVFTL,MFGNQ,1,0.614743578
GILGFVFTL,MRASG,1,0.772289877
GILGFVFTL,QEVGP,1,0.132168779
GILGFVFTL,LLGQPS,1,0.406903654
GILGFVFTL,LLFGS,1,0.90795664
GILGFVFTL,ETAGGPD,1,0.406293484
GILGFVFTL,QPLQSLY,1,-0.118596519
GILGFVFTL,YWGGKST,1,0.290447197
GILGFVFTL,VTGVD,1,0.55689917
NLVPMVATV,DETNFGIS,1,0.92438033
NLVPMVATV,SSFPGGGN,1,0.386874397
NLVPMVATV,DLVQALVS,1,0.352765054
NLVPMVATV,PRSEGRH,1,0.364093548
NLVPMVATV,VYGGVAG,1,0.135789946
NLVPMVATV,FSGGALA,1,-0.09259116
NLVPMVATV,VTGDY,1,0.414449762
NLVPMVATV,MRAFYN,1,0.777045353
NLVPMVATV,FGGGQS,1,0.024541655
NLVPMVATV,PGTGGR,1,0.375367356
NLVPMVATV,GGGNSTNE,1,0.772762487
NLVPMVATV,LAAGALYN,1,0.828909324
NLVPMVATV,PLTGTGVY,1,0.892310947
NLVPMVATV,PVTGGSTY,1,0.253578151
NLVPMVATV,TQTGAGFY,1,0.639799284
NLVPMVATV,YATGASY,1,0.481059707
CLGGLLTMV,LVLQMNT,1,0.949437444
CLGGLLTMV,SAEQGSY,1,0.227612515
CLGGLLTMV,YGGLSY,1,0.409543968
CLGGLLTMV,RVMNT,1,0.404125259
GLCTLVAML,AGTVQPTD,1,0.975272884
GLCTLVAML,EGLVSPTD,1,0.847764132
GLCTLVAML,PGAVSIGN,1,1.576652966
GLCTLVAML,SGEKSSYN,1,1.259583702
GLCTLVAML,TGQIATNE,1,0.989437217
GLCTLVAML,VGFLTVGD,1,-0.090905388
GLCTLVAML,QAGRVSYN,1,1.030685799
GLCTLVAML,QDPREMNQ,1,0.481531606
GLCTLVAML,QDSSAGLG,1,0.732717691
GLCTLVAML,QQVGLGEN,1,0.221984175
GLCTLVAML,SQLGGGNT,1,0.318591499
GLCTLVAML,HRGVQESE,1,0.576937614
GLCTLVAML,IIGHTTYN,1,1.126960465
GLCTLVAML,GGHQLVGN,1,-0.106316759
GLCTLVAML,TLAGGSIN,1,0.542838863
GLCTLVAML,AGRVAPG,1,0.760607977
GLCTLVAML,QGRVIPG,1,1.130355805
GLCTLVAML,GGQKAPG,1,0.354016541
GLCTLVAML,TGQLAPG,1,0.480596357
GLCTLVAML,AGTKLPD,1,0.408056376
GLCTLVAML,PEQLRGT,1,0.271284717
GLCTLVAML,LREVYPG,1,0.836340391
GLCTLVAML,LLEQSGN,1,0.572306551
GLCTLVAML,QSPGG,1,0.723704684
GLCTLVAML,PTSGSIY,1,0.918677219
GLCTLVAML,PTSGSVY,1,0.450378941
GLCTLVAML,PVQGSVY,1,0.390132462
GLCTLVAML,YVTGSSY,1,0.724843484
GLCTLVAML,GTVGN,1,1.05577716
GLCTLVAML,DRVGN,1,0.815123851
GLCTLVAML,LAYVAT,1,0.479562102
GLCTLVAML,NRELNT,1,0.026627921
GLCTLVAML,LQRVGN,1,0.476194906
GLCTLVAML,TAPIGN,1,1.271979991
GLCTLVAML,GGAISY,1,0.96258598
GLCTLVAML,SGQGYE,1,0.591121473
GLCTLVAML,LGASGH,1,-0.167287347
GLCTLVAML,QDLAG,1,0.377905952
GLCTLVAML,DEGFLINQ,1,0.88392625
GLCTLVAML,RTGGVGD,1,0.417926545
GLCTLVAML,SPGTDY,1,0.922268479
GLCTLVAML,SGQGT,1,0.355240465
GLCTLVAML,GTVLS,1,0.957255554
GLCTLVAML,RQVQE,1,1.01578604
GLCTLVAML,GTLME,1,0.517730405
GLCTLVAML,DDRQTY,1,0.76499155
GLCTLVAML,LSGSY,1,0.095480618
GILGFVFTL,PRHTD,1,0.71337202
GILGFVFTL,IRSGQV,1,0.889762463
GILGFVFTL,PRSAY,1,0.988191968
GILGFVFTL,FRSSY,1,1.010082975
GILGFVFTL,GRSTD,1,0.983378243
GILGFVFTL,IFDGQ,1,0.93534913
GILGFVFTL,IRAAY,1,0.987736089
GILGFVFTL,IRAGE,1,0.876217494
GILGFVFTL,IRSAY,1,1.230822679
GILGFVFTL,IRSDS,1,0.92177634
GILGFVFTL,IRSSY,1,1.128426428
GILGFVFTL,IRSTD,1,1.166561464
GILGFVFTL,IRSTG,1,1.234140618
GILGFVFTL,KRSTD,1,0.962158801
GILGFVFTL,LRAAY,1,0.803608424
GILGFVFTL,MRSAY,1,1.059408573
GILGFVFTL,MRSTD,1,0.995147358
GILGFVFTL,PRSTD,1,0.923930753
GILGFVFTL,QRSTD,1,0.983488659
GILGFVFTL,QRSTG,1,1.051067813
GILGFVFTL,SRSAY,1,1.004375897
GILGFVFTL,SRSTD,1,0.940114683
GILGFVFTL,SRSTG,1,1.007693836
GILGFVFTL,TRGSG,1,0.622954484
GILGFVFTL,TRSAD,1,1.037862852
GILGFVFTL,TRSQE,1,0.952189795
GILGFVFTL,TRSSY,1,0.94468161
GILGFVFTL,VRSAG,1,1.163101717
GILGFVFTL,VRSAY,1,1.104737573
GILGFVFTL,VRSSY,1,1.002341321
GILGFVFTL,VRSTD,1,1.040476358
GILGFVFTL,VRSTG,1,1.108055512
GILGFVFTL,YYSNQ,1,0.610248347
GILGFVFTL,LTGVD,1,0.498856611
GILGFVFTL,VTGVD,1,0.55689917
NLVPMVATV,LEGYT,1,0.421757368
NLVPMVATV,NQGYT,1,0.509587043
GLCTLVAML,QSPGG,1,0.723704684
GLCTLVAML,VVGGD,1,0.426165248
GLCTLVAML,YGQQE,1,0.694092315
GLCTLVAML,DEVGN,1,1.126316493
GLCTLVAML,DQTGN,1,0.568731181
GLCTLVAML,DRTGN,1,0.474808178
GLCTLVAML,DRVGN,1,0.815123851
GLCTLVAML,DRVGN,1,0.815123851
GLCTLVAML,TGAGN,1,0.014689
GLCTLVAML,VGVGN,1,0.962864709
GLCTLVAML,RDGTNE,1,0.491237363
GLCTLVAML,SGGTNE,1,0.912815327
GLCTLVAML,TGGTNE,1,0.627497422
GLCTLVAML,GTDYN,1,0.766287274
GILGFVFTL,MLAGGLN,1,0.73765017
GILGFVFTL,QTGLNT,1,0.368638868
NLVPMVATV,LAPGATNE,1,0.766390883
NLVPMVATV,LAPGTTNE,1,0.947836172
NLVPMVATV,PQTGVSY,1,0.417874351
NLVPMVATV,YQTGAAY,1,0.598539747
NLVPMVATV,YQTGASY,1,0.485406467
GLCTLVAML,EGRVAPG,1,0.826171702
GLCTLVAML,FTSGTTD,1,0.445804469
NLVPMVATV,ESTDE,1,0.482358139
NLVPMVATV,LLGGAGYN,1,0.509759533
GLCTLVAML,VVGGD,1,0.426165248
NLVPMVATV,LFSGGGN,1,0.118996104
GLCTLVAML,TGVGN,1,0.875342755
GLCTLVAML,WGVGN,1,0.892063291
GILGFVFTL,TRHTD,1,0.772257914
GILGFVFTL,IFGGAE,1,0.958084986
NLVPMVATV,LLAGGDN,1,0.301803081
GLCTLVAML,DRGIGN,1,0.964042515
GLCTLVAML,AGGTNE,1,0.621186324
GLCTLVAML,QDGTNE,1,0.665136098
GILGFVFTL,IRAAG,1,1.046100234
GILGFVFTL,IRSST,1,1.222967945
GILGFVFTL,MRSSE,1,0.921009811
GILGFVFTL,MRSTG,1,1.062726512
GILGFVFTL,SRATG,1,0.764607247
NLVPMVATV,PTTGTGNY,1,1.447362591
NLVPMVATV,LSTGTSY,1,0.598196614
NLVPMVATV,YQTGANY,1,0.393321703
GILGFVFTL,EGMGYN,0,0.153429926
GILGFVFTL,PRQVGE,0,0.208504528
GILGFVFTL,PKMREINS,0,0.440422999
GILGFVFTL,YYRGITD,0,0.563192841
GILGFVFTL,LGWTSGRG,0,0.175808576
GILGFVFTL,YQTIGGSE,0,0.443179251
GILGFVFTL,YRAFEETG,0,-0.013065866
GILGFVFTL,DSLNT,0,0.225881699
GILGFVFTL,PTSSN,0,0.666647462
GILGFVFTL,IQAFGHY,0,1.08246522
GILGFVFTL,PGQGPP,0,0.062009644
GILGFVFTL,QVAAAY,0,0.717559436
GILGFVFTL,GGGLIG,0,0.502704748
GILGFVFTL,YGTSGTY,0,0.772683905
GILGFVFTL,YGDNE,0,0.264203649
GILGFVFTL,PTDRAKE,0,0.468213664
GILGFVFTL,KESGQGVE,0,0.063298679
GILGFVFTL,LQIGY,0,0.018422904
GILGFVFTL,FSDNS,0,0.563217352
GILGFVFTL,LAGRET,0,0.123685111
GILGFVFTL,SGTGPGN,0,0.435670108
GILGFVFTL,PRGLEY,0,-0.152723058
NLVPMVATV,QIGGVGID,0,0.13610416
NLVPMVATV,FMTSKFIR,0,0.153711095
NLVPMVATV,QDLATKE,0,0.498916859
NLVPMVATV,IRSVD,0,-0.054324824
NLVPMVATV,SAGTPGN,0,0.840700817
NLVPMVATV,IRSSN,0,-0.250173315
NLVPMVATV,DSGGQWG,0,0.021407213
NLVPMVATV,PSGTGTNY,0,1.022752902
NLVPMVATV,KRILSY,0,0.831033142
NLVPMVATV,NFVDRPSY,0,0.285951665
NLVPMVATV,YSTSGSMH,0,-0.011610226
NLVPMVATV,SGSSWE,0,-0.438624753
NLVPMVATV,QDPPGAST,0,0.023467883
NLVPMVATV,SGSRGGY,0,-0.23403481
NLVPMVATV,LLFLGDN,0,0.470131249
NLVPMVATV,IFDVGDN,0,0.540106588
NLVPMVATV,INRGASI,0,0.167617642
NLVPMVATV,PGGSD,0,-0.12086843
NLVPMVATV,LSAGLYY,0,0.17883379
NLVPMVATV,YQLAGEG,0,0.491896968
NLVPMVATV,LYDRVVKN,0,0.109679245
CLGGLLTMV,GGSYN,0,-0.430793685
CLGGLLTMV,LALRGSYN,0,0.420972571
CLGGLLTMV,QAGDSYN,0,-0.180196309
CLGGLLTMV,ITGGIN,0,0.006032517
GLCTLVAML,LWTEIL,0,0.822005708
GLCTLVAML,ERYEE,0,0.50492732
GLCTLVAML,LAEGFY,0,-0.45534244
GLCTLVAML,VRAGKTYN,0,0.180469526
GLCTLVAML,EGQGRTY,0,0.11654588
GLCTLVAML,FLVWDSTG,0,0.3056451
GLCTLVAML,QVGSGDYN,0,0.713860638
GLCTLVAML,LSGGLGSY,0,0.112846941
GLCTLVAML,WTSGSYE,0,0.136300003
GLCTLVAML,LVRGGHYN,0,-0.633278831
GLCTLVAML,SDSRNQ,0,0.923686282
GLCTLVAML,DPGTGVN,0,0.453601607
GLCTLVAML,FTGSY,0,0.028191755
GLCTLVAML,LRRTGY,0,-0.094736208
GLCTLVAML,GWGNQ,0,0.248565319
GLCTLVAML,LTGGIN,0,0.710165413
GLCTLVAML,SQGRASY,0,0.326101441
GLCTLVAML,NRVRRALY,0,0.450416859
GLCTLVAML,VQGSD,0,0.337789457
GLCTLVAML,LLGQPNT,0,0.742940049
GLCTLVAML,DRGWDE,0,0.481215758
GLCTLVAML,HLAETYN,0,-0.316087051
GLCTLVAML,QTPTGAY,0,0.771981391
GLCTLVAML,DVPSSY,0,0.9950564
GLCTLVAML,FSTSGAN,0,0.370815874
GLCTLVAML,QRGLAEN,0,0.595445223
GLCTLVAML,DLLAKN,0,-0.087188019
GLCTLVAML,SQGPG,0,0.345364838
GLCTLVAML,FGTDSYN,0,0.551114595
GLCTLVAML,DPDHSNQ,0,0.372243518
GLCTLVAML,QGQGEFGQ,0,0.019793276
GLCTLVAML,SGPVDNTY,0,1.54237922
GLCTLVAML,LQGAVSG,0,0.313642141
GLCTLVAML,LGTGP,0,0.396123579
GLCTLVAML,QGGTANT,0,0.611355643
GLCTLVAML,PLEAVPNY,0,0.7502322
GLCTLVAML,QGVGT,0,0.765373855
GLCTLVAML,DGRDT,0,0.093581554
GLCTLVAML,VLAGRQE,0,-0.057978069
GLCTLVAML,SPPLVN,0,0.909091867
GLCTLVAML,VGLGQ,0,0.410065756
GLCTLVAML,IPGLADN,0,0.489999625
GLCTLVAML,LGNFE,0,0.160599515
GLCTLVAML,LSFTGNQ,0,0.1172983
GLCTLVAML,RTSGNDN,0,0.393497754
GLCTLVAML,FPNLT,0,0.155157687
GILGFVFTL,LLGQT,0,0.571613932
GILGFVFTL,PGPNS,0,0.364189113
GILGFVFTL,DRDSY,0,0.493163915
GILGFVFTL,RGWGEN,0,-0.071745464
GILGFVFTL,DNSYN,0,0.460750045
GILGFVFTL,TPGQGL,0,0.069824671
GILGFVFTL,YLSGQNY,0,0.334574824
GILGFVFTL,SGHYN,0,0.361086895
GILGFVFTL,GYRGGPYN,0,0.141298507
GILGFVFTL,GARTSGTD,0,0.350718253
GILGFVFTL,EQGAYE,0,0.387993078
GILGFVFTL,LPLAGAYN,0,0.349549763
GILGFVFTL,SSGSY,0,0.426930609
GILGFVFTL,PTGLGS,0,0.11378133
GILGFVFTL,QRDRRR,0,0.113419658
GILGFVFTL,LETGEISY,0,-0.044105088
GILGFVFTL,PHSGGARN,0,0.219703353
GILGFVFTL,LGSNQ,0,0.753685955
GILGFVFTL,FGQANY,0,0.271438722
GILGFVFTL,PGSGN,0,0.707772567
GILGFVFTL,ISGQGTD,0,-0.048200709
GILGFVFTL,DRGTD,0,0.487148888
GILGFVFTL,MTGGSY,0,0.392818646
GILGFVFTL,LLLNN,0,0.159169381
GILGFVFTL,QDRLSSPG,0,0.297441284
GILGFVFTL,EFLGTTLE,0,0.588192483
GILGFVFTL,GLGGFSD,0,0.38981773
GILGFVFTL,PSDGYY,0,-0.092047713
GILGFVFTL,LEGNT,0,0.124003988
GILGFVFTL,HPIGGSD,0,0.034798655
GILGFVFTL,QDWAA,0,0.393484793
GLCTLVAML,LTGVAY,0,0.409779477
GLCTLVAML,EHSSWGAN,0,0.71287103
GLCTLVAML,DRSNY,0,-0.162386793
GLCTLVAML,LGTSVYN,0,0.271012586
GLCTLVAML,QEYQLANY,0,0.531812333
GLCTLVAML,ALYGGSYN,0,0.241010207
GLCTLVAML,QTGGAGP,0,0.224883177
GLCTLVAML,LGRVPY,0,0.445632437
GLCTLVAML,RDVLMAG,0,0.396007819
GLCTLVAML,RVGWGN,0,0.415067154
GLCTLVAML,LLTGNQ,0,0.13166173
GLCTLVAML,DWGVS,0,0.725174745
GLCTLVAML,EQGNT,0,0.136402008
GILGFVFTL,SWTSGEGE,0,-0.146704121
NLVPMVATV,LAESATG,0,0.202349598
NLVPMVATV,DQAGGSD,0,0.248052079
NLVPMVATV,LGLAGNY,0,0.414207788
NLVPMVATV,PPYSGAN,0,0.407814249
NLVPMVATV,WGQGTY,0,0.555988222
GLCTLVAML,YTTDSYN,0,0.617728228
GILGFVFTL,SRALG,0,0.728896096
GILGFVFTL,VRGSGDEE,0,0.02180089
GILGFVFTL,LHRGSSTG,0,0.41573056
GILGFVFTL,PGGGDN,0,0.13522279
GILGFVFTL,EEQGT,0,-0.382935353
GILGFVFTL,VSPDPFY,0,0.332273918
GILGFVFTL,LAGRSY,0,0.131217806
GILGFVFTL,QDRTGGSE,0,0.063684888
GILGFVFTL,PTGLNT,0,0.104141907
GILGFVFTL,TSGSD,0,0.460417564
NLVPMVATV,LASSAQQE,0,0.028047798
NLVPMVATV,DERFYN,0,0.494511571
NLVPMVATV,SDRTNS,0,0.163083155
NLVPMVATV,VDAGGNH,0,0.212609897
NLVPMVATV,DRGKN,0,-0.216341744
NLVPMVATV,LLAGITD,0,0.579627311
GLCTLVAML,DPRDSQE,0,0.489412697
GLCTLVAML,DKAAQDE,0,-0.119985927
GLCTLVAML,PPAGTR,0,0.455470809
GLCTLVAML,EIGQGGTD,0,0.940180826
